scenario,year
docs/20200425 abc_example/slice3/scenarios/cog_306180/scenario_396.yaml,31
docs/20200425 abc_example/slice3/scenarios/cog_306180/scenario_406.yaml,36
docs/20200425 abc_example/slice3/scenarios/cog_306180/scenario_1699.yaml,44
docs/20200425 abc_example/slice3/scenarios/cog_306180/scenario_1907.yaml,44
docs/20200425 abc_example/slice3/scenarios/cog_306180/scenario_2005.yaml,38
docs/20200425 abc_example/slice3/scenarios/cog_306180/scenario_2201.yaml,44
docs/20200425 abc_example/slice3/scenarios/cog_306180/scenario_2332.yaml,43
docs/20200425 abc_example/slice3/scenarios/cog_306180/scenario_2337.yaml,44
docs/20200425 abc_example/slice3/scenarios/cog_306180/scenario_2772.yaml,38
docs/20200425 abc_example/slice3/scenarios/cog_306180/scenario_3080.yaml,31
docs/20200425 abc_example/slice3/scenarios/cog_306180/scenario_3217.yaml,44
docs/20200425 abc_example/slice3/scenarios/cog_306180/scenario_3679.yaml,35
docs/20200425 abc_example/slice3/scenarios/cog_306180/scenario_3830.yaml,44
docs/20200425 abc_example/slice3/scenarios/cog_306180/scenario_4445.yaml,44
docs/20200425 abc_example/slice3/scenarios/cog_306180/scenario_4689.yaml,37
docs/20200425 abc_example/slice3/scenarios/cog_306180/scenario_5156.yaml,43
docs/20200425 abc_example/slice3/scenarios/cog_306180/scenario_5692.yaml,43
docs/20200425 abc_example/slice3/scenarios/cog_306180/scenario_5738.yaml,36
docs/20200425 abc_example/slice3/scenarios/cog_306180/scenario_5977.yaml,44
docs/20200425 abc_example/slice3/scenarios/cog_306180/scenario_6806.yaml,36
docs/20200425 abc_example/slice3/scenarios/cog_306180/scenario_7773.yaml,44
docs/20200425 abc_example/slice3/scenarios/cog_306180/scenario_7845.yaml,40
docs/20200425 abc_example/slice3/scenarios/cog_306180/scenario_8005.yaml,44
docs/20200425 abc_example/slice3/scenarios/cog_306180/scenario_8027.yaml,44
docs/20200425 abc_example/slice3/scenarios/cog_493364/scenario_1712.yaml,36
docs/20200425 abc_example/slice3/scenarios/cog_493364/scenario_2073.yaml,33
docs/20200425 abc_example/slice3/scenarios/cog_493364/scenario_2774.yaml,43
docs/20200425 abc_example/slice3/scenarios/cog_493364/scenario_2892.yaml,42
docs/20200425 abc_example/slice3/scenarios/cog_493364/scenario_3439.yaml,37
docs/20200425 abc_example/slice3/scenarios/cog_493364/scenario_4218.yaml,41
docs/20200425 abc_example/slice3/scenarios/cog_493364/scenario_4510.yaml,40
docs/20200425 abc_example/slice3/scenarios/cog_493364/scenario_4516.yaml,44
docs/20200425 abc_example/slice3/scenarios/cog_493364/scenario_4881.yaml,44
docs/20200425 abc_example/slice3/scenarios/cog_493364/scenario_5443.yaml,37
docs/20200425 abc_example/slice3/scenarios/cog_493364/scenario_5641.yaml,44
docs/20200425 abc_example/slice3/scenarios/cog_493364/scenario_6640.yaml,39
docs/20200425 abc_example/slice3/scenarios/cog_493364/scenario_7223.yaml,42
docs/20200425 abc_example/slice3/scenarios/cog_493364/scenario_7343.yaml,35
docs/20200425 abc_example/slice3/scenarios/cog_493364/scenario_8065.yaml,35
docs/20200425 abc_example/slice3/scenarios/cog_493364/scenario_8208.yaml,41
docs/20200425 abc_example/slice3/scenarios/cog_493364/scenario_8212.yaml,32
docs/20200425 abc_example/slice3/scenarios/cog_493364/scenario_8369.yaml,32
docs/20200425 abc_example/slice3/scenarios/cog_507126/scenario_633.yaml,36
docs/20200425 abc_example/slice3/scenarios/cog_507126/scenario_708.yaml,40
docs/20200425 abc_example/slice3/scenarios/cog_507126/scenario_1452.yaml,31
docs/20200425 abc_example/slice3/scenarios/cog_507126/scenario_2157.yaml,44
docs/20200425 abc_example/slice3/scenarios/cog_507126/scenario_2676.yaml,32
docs/20200425 abc_example/slice3/scenarios/cog_507126/scenario_3922.yaml,44
docs/20200425 abc_example/slice3/scenarios/cog_507126/scenario_5053.yaml,30
docs/20200425 abc_example/slice3/scenarios/cog_507126/scenario_5820.yaml,38
docs/20200425 abc_example/slice3/scenarios/cog_507126/scenario_6137.yaml,38
docs/20200425 abc_example/slice3/scenarios/cog_507126/scenario_6755.yaml,37
docs/20200425 abc_example/slice3/scenarios/cog_507126/scenario_6914.yaml,44
docs/20200425 abc_example/slice3/scenarios/cog_507126/scenario_6931.yaml,38
docs/20200425 abc_example/slice3/scenarios/cog_507126/scenario_7289.yaml,38
docs/20200425 abc_example/slice3/scenarios/cog_507126/scenario_7538.yaml,37
docs/20200425 abc_example/slice3/scenarios/cog_507126/scenario_8107.yaml,44
docs/20200425 abc_example/slice3/scenarios/cog_507126/scenario_8189.yaml,32
docs/20200425 abc_example/slice3/scenarios/cog_507126/scenario_8190.yaml,32
docs/20200425 abc_example/slice3/scenarios/cog_507126/scenario_8345.yaml,32
docs/20200425 abc_example/slice3/scenarios/cog_507126/scenario_8592.yaml,35
docs/20200425 abc_example/slice3/scenarios/cog_507126/scenario_8748.yaml,44
docs/20200425 abc_example/slice3/scenarios/cog_507126/scenario_9415.yaml,44
docs/20200425 abc_example/slice3/scenarios/cog_507126/scenario_9455.yaml,42
docs/20200425 abc_example/slice3/scenarios/cog_507126/scenario_10039.yaml,37
docs/20200425 abc_example/slice3/scenarios/cog_507126/scenario_10259.yaml,33
docs/20200425 abc_example/slice3/scenarios/cog_507126/scenario_10627.yaml,44
docs/20200425 abc_example/slice3/scenarios/cog_507126/scenario_10706.yaml,44
docs/20200425 abc_example/slice3/scenarios/cog_507126/scenario_10930.yaml,37
docs/20200425 abc_example/slice3/scenarios/cog_507126/scenario_11111.yaml,33
docs/20200425 abc_example/slice3/scenarios/cog_507126/scenario_11290.yaml,44
docs/20200425 abc_example/slice3/scenarios/cog_507126/scenario_13469.yaml,36
docs/20200425 abc_example/slice3/scenarios/cog_507126/scenario_13548.yaml,38
docs/20200425 abc_example/slice3/scenarios/cog_507126/scenario_13866.yaml,39
docs/20200425 abc_example/slice3/scenarios/cog_507126/scenario_14304.yaml,40
docs/20200425 abc_example/slice3/scenarios/cog_507126/scenario_14990.yaml,44
docs/20200425 abc_example/slice3/scenarios/cog_507126/scenario_16216.yaml,44
docs/20200425 abc_example/slice3/scenarios/cog_507126/scenario_16521.yaml,37
docs/20200425 abc_example/slice3/scenarios/cog_507126/scenario_16989.yaml,41
docs/20200425 abc_example/slice3/scenarios/cog_507126/scenario_17680.yaml,38
docs/20200425 abc_example/slice3/scenarios/cog_507126/scenario_18479.yaml,36
docs/20200425 abc_example/slice3/scenarios/cog_507126/scenario_18712.yaml,44
docs/20200425 abc_example/slice3/scenarios/cog_829839/scenario_146.yaml,30
docs/20200425 abc_example/slice3/scenarios/cog_829839/scenario_872.yaml,41
docs/20200425 abc_example/slice3/scenarios/cog_829839/scenario_979.yaml,32
docs/20200425 abc_example/slice3/scenarios/cog_829839/scenario_1616.yaml,43
docs/20200425 abc_example/slice3/scenarios/cog_829839/scenario_2028.yaml,37
docs/20200425 abc_example/slice3/scenarios/cog_829839/scenario_2968.yaml,44
docs/20200425 abc_example/slice3/scenarios/cog_829839/scenario_3892.yaml,44
docs/20200425 abc_example/slice3/scenarios/cog_829839/scenario_3989.yaml,44
docs/20200425 abc_example/slice3/scenarios/cog_829839/scenario_4614.yaml,44
docs/20200425 abc_example/slice3/scenarios/cog_829839/scenario_5328.yaml,32
docs/20200425 abc_example/slice3/scenarios/cog_829839/scenario_5440.yaml,30
docs/20200425 abc_example/slice3/scenarios/cog_829839/scenario_5486.yaml,35
docs/20200425 abc_example/slice3/scenarios/cog_829839/scenario_6048.yaml,44
docs/20200425 abc_example/slice3/scenarios/cog_829839/scenario_6437.yaml,37
docs/20200425 abc_example/slice3/scenarios/cog_829839/scenario_6549.yaml,38
docs/20200425 abc_example/slice3/scenarios/cog_829839/scenario_6729.yaml,36
docs/20200425 abc_example/slice3/scenarios/cog_829839/scenario_6790.yaml,44
docs/20200425 abc_example/slice3/scenarios/cog_829839/scenario_7098.yaml,44
docs/20200425 abc_example/slice3/scenarios/cog_829839/scenario_7536.yaml,33
docs/20200425 abc_example/slice3/scenarios/cog_829839/scenario_8860.yaml,43
docs/20200425 abc_example/slice3/scenarios/cog_829839/scenario_9938.yaml,38
docs/20200425 abc_example/slice3/scenarios/cog_829839/scenario_10088.yaml,42
docs/20200425 abc_example/slice3/scenarios/cog_829839/scenario_10238.yaml,44
docs/20200425 abc_example/slice3/scenarios/cog_829839/scenario_11283.yaml,37
docs/20200425 abc_example/slice3/scenarios/cog_829839/scenario_12056.yaml,32
docs/20200425 abc_example/slice3/scenarios/cog_829839/scenario_12259.yaml,31
docs/20200425 abc_example/slice3/scenarios/cog_829839/scenario_12530.yaml,44
docs/20200425 abc_example/slice3/scenarios/cog_829839/scenario_13331.yaml,33
docs/20200425 abc_example/slice3/scenarios/cog_829839/scenario_13518.yaml,32
docs/20200425 abc_example/slice3/scenarios/cog_829839/scenario_13678.yaml,36
docs/20200425 abc_example/slice3/scenarios/cog_829839/scenario_13702.yaml,31
docs/20200425 abc_example/slice3/scenarios/cog_829839/scenario_13905.yaml,35
docs/20200425 abc_example/slice3/scenarios/cog_829839/scenario_14121.yaml,44
docs/20200425 abc_example/slice3/scenarios/cog_829839/scenario_14281.yaml,35
docs/20200425 abc_example/slice3/scenarios/cog_829839/scenario_14487.yaml,42
docs/20200425 abc_example/slice3/scenarios/cog_829839/scenario_15200.yaml,44
docs/20200425 abc_example/slice3/scenarios/cog_829839/scenario_15283.yaml,44
docs/20200425 abc_example/slice3/scenarios/cog_829839/scenario_15410.yaml,44
docs/20200425 abc_example/slice3/scenarios/cog_829839/scenario_16196.yaml,38
docs/20200425 abc_example/slice3/scenarios/cog_829839/scenario_16548.yaml,44
docs/20200425 abc_example/slice3/scenarios/cog_829839/scenario_17005.yaml,31
docs/20200425 abc_example/slice3/scenarios/cog_829839/scenario_17405.yaml,36
docs/20200425 abc_example/slice3/scenarios/cog_829839/scenario_17531.yaml,40
docs/20200425 abc_example/slice3/scenarios/cog_829839/scenario_17826.yaml,32
docs/20200425 abc_example/slice3/scenarios/cog_829839/scenario_18123.yaml,40
docs/20200425 abc_example/slice3/scenarios/cog_829839/scenario_18448.yaml,44
docs/20200425 abc_example/slice3/scenarios/cog_829839/scenario_18474.yaml,34
docs/20200425 abc_example/slice3/scenarios/smoothoperator_416646/scenario_2100.yaml,32
docs/20200425 abc_example/slice3/scenarios/smoothoperator_416646/scenario_2566.yaml,36
docs/20200425 abc_example/slice3/scenarios/smoothoperator_416646/scenario_3054.yaml,41
docs/20200425 abc_example/slice3/scenarios/smoothoperator_416646/scenario_4709.yaml,37
docs/20200425 abc_example/slice3/scenarios/smoothoperator_416646/scenario_5621.yaml,38
docs/20200425 abc_example/slice3/scenarios/smoothoperator_416646/scenario_5785.yaml,34
docs/20200425 abc_example/slice3/scenarios/smoothoperator_416646/scenario_6723.yaml,44
docs/20200425 abc_example/slice3/scenarios/smoothoperator_416646/scenario_7865.yaml,37
docs/20200425 abc_example/slice3/scenarios/smoothoperator_416646/scenario_8629.yaml,44
docs/20200425 abc_example/slice3/scenarios/smoothoperator_416646/scenario_9573.yaml,36
docs/20200425 abc_example/slice3/scenarios/smoothoperator_416646/scenario_9656.yaml,44
docs/20200425 abc_example/slice3/scenarios/smoothoperator_416646/scenario_10270.yaml,44
docs/20200425 abc_example/slice3/scenarios/smoothoperator_416646/scenario_11269.yaml,31
docs/20200425 abc_example/slice3/scenarios/smoothoperator_416646/scenario_11645.yaml,44
docs/20200425 abc_example/slice3/scenarios/smoothoperator_416646/scenario_11744.yaml,35
docs/20200425 abc_example/slice3/scenarios/smoothoperator_416646/scenario_11768.yaml,31
docs/20200425 abc_example/slice3/scenarios/smoothoperator_416646/scenario_12316.yaml,44
docs/20200425 abc_example/slice3/scenarios/smoothoperator_416646/scenario_12749.yaml,41
docs/20200425 abc_example/slice3/scenarios/smoothoperator_416646/scenario_13603.yaml,36
docs/20200425 abc_example/slice3/scenarios/smoothoperator_416646/scenario_14853.yaml,44
docs/20200425 abc_example/slice3/scenarios/smoothoperator_416646/scenario_14924.yaml,37
docs/20200425 abc_example/slice3/scenarios/smoothoperator_416646/scenario_16811.yaml,30
docs/20200425 abc_example/slice3/scenarios/smoothoperator_416646/scenario_17165.yaml,41
docs/20200425 abc_example/slice3/scenarios/smoothoperator_416646/scenario_17193.yaml,35
docs/20200425 abc_example/slice3/scenarios/smoothoperator_416646/scenario_17328.yaml,44
docs/20200425 abc_example/slice3/scenarios/smoothoperator_416646/scenario_18168.yaml,39
docs/20200425 abc_example/slice3/scenarios/smoothoperator_416646/scenario_18379.yaml,36
docs/20200425 abc_example/slice3/scenarios/smoothoperator_416646/scenario_18544.yaml,44
docs/20200425 abc_example/slice3/scenarios/smoothoperator_416646/scenario_18813.yaml,35
docs/20200425 abc_example/slice3/scenarios/smoothoperator_416646/scenario_19036.yaml,44
docs/20200425 abc_example/slice3/scenarios/smoothoperator_416646/scenario_19174.yaml,44
docs/20200425 abc_example/slice3/scenarios/smoothoperator_416646/scenario_19864.yaml,41
docs/20200425 abc_example/slice3/scenarios/smoothoperator_416646/scenario_19951.yaml,39
docs/20200425 abc_example/slice3/scenarios/smoothoperator_416646/scenario_20360.yaml,37
docs/20200425 abc_example/slice3/scenarios/smoothoperator_416646/scenario_20989.yaml,44
docs/20200425 abc_example/slice3/scenarios/smoothoperator_416646/scenario_21100.yaml,33
docs/20200425 abc_example/slice3/scenarios/smoothoperator_416646/scenario_21102.yaml,39
docs/20200425 abc_example/slice3/scenarios/smoothoperator_416646/scenario_21302.yaml,35
docs/20200425 abc_example/slice3/scenarios/smoothoperator_416646/scenario_22020.yaml,44
docs/20200425 abc_example/slice3/scenarios/smoothoperator_416646/scenario_22332.yaml,36
docs/20200425 abc_example/slice3/scenarios/smoothoperator_416646/scenario_23007.yaml,30
docs/20200425 abc_example/slice3/scenarios/smoothoperator_416646/scenario_23729.yaml,40
docs/20200425 abc_example/slice3/scenarios/smoothoperator_416646/scenario_24187.yaml,34
docs/20200425 abc_example/slice3/scenarios/smoothoperator_416646/scenario_24285.yaml,37
docs/20200425 abc_example/slice3/scenarios/smoothoperator_416646/scenario_25976.yaml,38
docs/20200425 abc_example/slice3/scenarios/smoothoperator_416646/scenario_26772.yaml,44
docs/20200425 abc_example/slice3/scenarios/smoothoperator_416646/scenario_27178.yaml,44
docs/20200425 abc_example/slice3/scenarios/smoothoperator_416646/scenario_27356.yaml,37
docs/20200425 abc_example/slice3/scenarios/smoothoperator_416646/scenario_27551.yaml,38
docs/20200425 abc_example/slice3/scenarios/smoothoperator_416646/scenario_27599.yaml,43
docs/20200425 abc_example/slice3/scenarios/smoothoperator_416646/scenario_27719.yaml,44
docs/20200425 abc_example/slice3/scenarios/smoothoperator_416646/scenario_28106.yaml,41
docs/20200425 abc_example/slice3/scenarios/smoothoperator_416646/scenario_29015.yaml,35
docs/20200425 abc_example/slice3/scenarios/smoothoperator_416646/scenario_29492.yaml,44
docs/20200425 abc_example/slice3/scenarios/smoothoperator_416646/scenario_29941.yaml,30
docs/20200425 abc_example/slice3/scenarios/smoothoperator_416646/scenario_30099.yaml,44
docs/20200425 abc_example/slice3/scenarios/smoothoperator_416646/scenario_33227.yaml,40
docs/20200425 abc_example/slice3/scenarios/smoothoperator_416646/scenario_33313.yaml,37
docs/20200425 abc_example/slice3/scenarios/smoothoperator_416646/scenario_33346.yaml,44
docs/20200425 abc_example/slice3/scenarios/smoothoperator_416646/scenario_33656.yaml,32
docs/20200425 abc_example/slice3/scenarios/smoothoperator_416646/scenario_33764.yaml,37
docs/20200425 abc_example/slice3/scenarios/smoothoperator_416646/scenario_33785.yaml,44
docs/20200425 abc_example/slice3/scenarios/smoothoperator_416646/scenario_35046.yaml,44
docs/20200425 abc_example/slice3/scenarios/smoothoperator_416646/scenario_35246.yaml,44
docs/20200425 abc_example/slice3/scenarios/smoothoperator_416646/scenario_36314.yaml,36
docs/20200425 abc_example/slice3/scenarios/smoothoperator_416646/scenario_36520.yaml,44
docs/20200425 abc_example/slice3/scenarios/smoothoperator_416646/scenario_36691.yaml,30
docs/20200425 abc_example/slice3/scenarios/smoothoperator_416646/scenario_36761.yaml,44
docs/20200425 abc_example/slice3/scenarios/smoothoperator_416646/scenario_36769.yaml,44
docs/20200425 abc_example/slice3/scenarios/smoothoperator_416646/scenario_36818.yaml,44
docs/20200425 abc_example/slice3/scenarios/smoothoperator_416646/scenario_36949.yaml,31
docs/20200425 abc_example/slice3/scenarios/smoothoperator_416646/scenario_37710.yaml,37
docs/20200425 abc_example/slice3/scenarios/smoothoperator_416646/scenario_37900.yaml,40
docs/20200425 abc_example/slice3/scenarios/smoothoperator_416646/scenario_38102.yaml,30
docs/20200425 abc_example/slice3/scenarios/smoothoperator_416646/scenario_38326.yaml,39
docs/20200425 abc_example/slice3/scenarios/smoothoperator_416646/scenario_39132.yaml,36
docs/20200425 abc_example/slice3/scenarios/smoothoperator_416646/scenario_39476.yaml,44
docs/20200425 abc_example/slice3/scenarios/smoothoperator_416646/scenario_39690.yaml,38
docs/20200425 abc_example/slice3/scenarios/smoothoperator_416646/scenario_39697.yaml,36
docs/20200425 abc_example/slice3/scenarios/smoothoperator_416646/scenario_39703.yaml,35
docs/20200425 abc_example/slice3/scenarios/smoothoperator_416646/scenario_40607.yaml,38
docs/20200425 abc_example/slice3/scenarios/smoothoperator_416646/scenario_41067.yaml,41
docs/20200425 abc_example/slice3/scenarios/smoothoperator_416646/scenario_41104.yaml,37
docs/20200425 abc_example/slice3/scenarios/smoothoperator_416646/scenario_42675.yaml,44
docs/20200425 abc_example/slice3/scenarios/smoothoperator_416646/scenario_43361.yaml,44
docs/20200425 abc_example/slice3/scenarios/smoothoperator_416646/scenario_43607.yaml,30
docs/20200425 abc_example/slice3/scenarios/smoothoperator_416646/scenario_43913.yaml,35
docs/20200425 abc_example/slice3/scenarios/smoothoperator_416646/scenario_44998.yaml,31
docs/20200425 abc_example/slice3/scenarios/smoothoperator_416646/scenario_45516.yaml,36
docs/20200425 abc_example/slice3/scenarios/smoothoperator_416646/scenario_45668.yaml,44
docs/20200425 abc_example/slice3/scenarios/smoothoperator_416646/scenario_45789.yaml,40
docs/20200425 abc_example/slice3/scenarios/smoothoperator_416646/scenario_46426.yaml,30
docs/20200425 abc_example/slice3/scenarios/smoothoperator_416646/scenario_47876.yaml,44
docs/20200425 abc_example/slice3/scenarios/smoothoperator_416646/scenario_48304.yaml,44
docs/20200425 abc_example/slice3/scenarios/smoothoperator_416646/scenario_48496.yaml,44
docs/20200425 abc_example/slice3/scenarios/smoothoperator_416646/scenario_49319.yaml,30
docs/20200425 abc_example/slice3/scenarios/smoothoperator_416646/scenario_49607.yaml,37
docs/20200425 abc_example/slice3/scenarios/smoothoperator_455127/scenario_511.yaml,44
docs/20200425 abc_example/slice3/scenarios/smoothoperator_455127/scenario_647.yaml,33
docs/20200425 abc_example/slice3/scenarios/smoothoperator_455127/scenario_712.yaml,44
docs/20200425 abc_example/slice3/scenarios/smoothoperator_455127/scenario_1259.yaml,44
docs/20200425 abc_example/slice3/scenarios/smoothoperator_455127/scenario_1385.yaml,37
docs/20200425 abc_example/slice3/scenarios/smoothoperator_455127/scenario_1643.yaml,33
docs/20200425 abc_example/slice3/scenarios/smoothoperator_455127/scenario_2085.yaml,44
docs/20200425 abc_example/slice3/scenarios/smoothoperator_455127/scenario_2247.yaml,31
docs/20200425 abc_example/slice3/scenarios/smoothoperator_455127/scenario_2283.yaml,44
docs/20200425 abc_example/slice3/scenarios/smoothoperator_455127/scenario_2376.yaml,31
docs/20200425 abc_example/slice3/scenarios/smoothoperator_455127/scenario_3015.yaml,35
docs/20200425 abc_example/slice3/scenarios/smoothoperator_455127/scenario_3590.yaml,43
docs/20200425 abc_example/slice3/scenarios/smoothoperator_455127/scenario_3774.yaml,35
docs/20200425 abc_example/slice3/scenarios/smoothoperator_455127/scenario_3960.yaml,31
docs/20200425 abc_example/slice3/scenarios/smoothoperator_455127/scenario_4060.yaml,44
docs/20200425 abc_example/slice3/scenarios/smoothoperator_455127/scenario_4314.yaml,36
docs/20200425 abc_example/slice3/scenarios/smoothoperator_455127/scenario_4516.yaml,44
docs/20200425 abc_example/slice3/scenarios/smoothoperator_455127/scenario_5069.yaml,35
docs/20200425 abc_example/slice3/scenarios/smoothoperator_455127/scenario_6411.yaml,44
docs/20200425 abc_example/slice3/scenarios/smoothoperator_455127/scenario_6571.yaml,41
docs/20200425 abc_example/slice3/scenarios/smoothoperator_455127/scenario_6697.yaml,37
docs/20200425 abc_example/slice3/scenarios/smoothoperator_455127/scenario_6977.yaml,44
docs/20200425 abc_example/slice3/scenarios/smoothoperator_455127/scenario_8899.yaml,37
docs/20200425 abc_example/slice3/scenarios/smoothoperator_455127/scenario_9121.yaml,32
docs/20200425 abc_example/slice3/scenarios/smoothoperator_455127/scenario_9196.yaml,43
docs/20200425 abc_example/slice3/scenarios/smoothoperator_455127/scenario_9384.yaml,30
docs/20200425 abc_example/slice3/scenarios/smoothoperator_455127/scenario_9756.yaml,35
docs/20200425 abc_example/slice3/scenarios/smoothoperator_455127/scenario_10177.yaml,36
docs/20200425 abc_example/slice3/scenarios/smoothoperator_455127/scenario_10794.yaml,44
docs/20200425 abc_example/slice3/scenarios/smoothoperator_455127/scenario_11352.yaml,31
docs/20200425 abc_example/slice3/scenarios/smoothoperator_455127/scenario_11522.yaml,37
docs/20200425 abc_example/slice3/scenarios/smoothoperator_455127/scenario_12401.yaml,44
docs/20200425 abc_example/slice3/scenarios/smoothoperator_455127/scenario_13874.yaml,37
docs/20200425 abc_example/slice3/scenarios/smoothoperator_455127/scenario_15790.yaml,35
docs/20200425 abc_example/slice3/scenarios/smoothoperator_455127/scenario_15796.yaml,44
docs/20200425 abc_example/slice3/scenarios/smoothoperator_455127/scenario_15804.yaml,31
docs/20200425 abc_example/slice3/scenarios/smoothoperator_455127/scenario_15971.yaml,44
docs/20200425 abc_example/slice3/scenarios/smoothoperator_455127/scenario_16262.yaml,44
docs/20200425 abc_example/slice3/scenarios/smoothoperator_455127/scenario_16497.yaml,34
docs/20200425 abc_example/slice3/scenarios/smoothoperator_455127/scenario_16677.yaml,36
docs/20200425 abc_example/slice3/scenarios/smoothoperator_455127/scenario_17549.yaml,36
docs/20200425 abc_example/slice3/scenarios/smoothoperator_455127/scenario_17867.yaml,35
docs/20200425 abc_example/slice3/scenarios/smoothoperator_455127/scenario_18307.yaml,30
docs/20200425 abc_example/slice3/scenarios/smoothoperator_455127/scenario_18342.yaml,44
docs/20200425 abc_example/slice3/scenarios/smoothoperator_455127/scenario_18722.yaml,44
docs/20200425 abc_example/slice3/scenarios/smoothoperator_455127/scenario_19624.yaml,44
docs/20200425 abc_example/slice3/scenarios/smoothoperator_455127/scenario_20427.yaml,36
docs/20200425 abc_example/slice3/scenarios/smoothoperator_455127/scenario_20735.yaml,36
docs/20200425 abc_example/slice3/scenarios/smoothoperator_455127/scenario_21793.yaml,35
docs/20200425 abc_example/slice3/scenarios/smoothoperator_455127/scenario_22542.yaml,30
docs/20200425 abc_example/slice3/scenarios/smoothoperator_455127/scenario_23137.yaml,37
docs/20200425 abc_example/slice3/scenarios/smoothoperator_455127/scenario_23292.yaml,44
docs/20200425 abc_example/slice3/scenarios/smoothoperator_455127/scenario_23359.yaml,44
docs/20200425 abc_example/slice3/scenarios/smoothoperator_455127/scenario_24200.yaml,37
docs/20200425 abc_example/slice3/scenarios/smoothoperator_455127/scenario_24274.yaml,31
docs/20200425 abc_example/slice3/scenarios/smoothoperator_455127/scenario_24748.yaml,31
docs/20200425 abc_example/slice3/scenarios/smoothoperator_455127/scenario_25163.yaml,44
docs/20200425 abc_example/slice3/scenarios/smoothoperator_455127/scenario_26815.yaml,44
docs/20200425 abc_example/slice3/scenarios/smoothoperator_455127/scenario_27342.yaml,34
docs/20200425 abc_example/slice3/scenarios/smoothoperator_455127/scenario_28281.yaml,44
docs/20200425 abc_example/slice3/scenarios/smoothoperator_455127/scenario_29093.yaml,44
docs/20200425 abc_example/slice3/scenarios/smoothoperator_455127/scenario_30471.yaml,44
docs/20200425 abc_example/slice3/scenarios/smoothoperator_455127/scenario_30803.yaml,33
docs/20200425 abc_example/slice3/scenarios/smoothoperator_455127/scenario_30886.yaml,38
docs/20200425 abc_example/slice3/scenarios/smoothoperator_455127/scenario_31508.yaml,37
docs/20200425 abc_example/slice3/scenarios/smoothoperator_455127/scenario_32068.yaml,43
docs/20200425 abc_example/slice3/scenarios/smoothoperator_455127/scenario_32154.yaml,39
docs/20200425 abc_example/slice3/scenarios/smoothoperator_455127/scenario_32736.yaml,37
docs/20200425 abc_example/slice3/scenarios/smoothoperator_455127/scenario_32839.yaml,37
docs/20200425 abc_example/slice3/scenarios/smoothoperator_455127/scenario_32962.yaml,32
docs/20200425 abc_example/slice3/scenarios/smoothoperator_455127/scenario_32988.yaml,32
docs/20200425 abc_example/slice3/scenarios/smoothoperator_455127/scenario_33092.yaml,44
docs/20200425 abc_example/slice3/scenarios/smoothoperator_455127/scenario_34257.yaml,44
docs/20200425 abc_example/slice3/scenarios/smoothoperator_455127/scenario_34465.yaml,38
docs/20200425 abc_example/slice3/scenarios/smoothoperator_455127/scenario_34488.yaml,37
docs/20200425 abc_example/slice3/scenarios/smoothoperator_455127/scenario_34887.yaml,35
docs/20200425 abc_example/slice3/scenarios/smoothoperator_455127/scenario_35503.yaml,44
docs/20200425 abc_example/slice3/scenarios/smoothoperator_455127/scenario_36343.yaml,37
docs/20200425 abc_example/slice3/scenarios/smoothoperator_455127/scenario_36566.yaml,35
docs/20200425 abc_example/slice3/scenarios/smoothoperator_455127/scenario_36780.yaml,43
docs/20200425 abc_example/slice3/scenarios/smoothoperator_455127/scenario_36852.yaml,40
docs/20200425 abc_example/slice3/scenarios/smoothoperator_455127/scenario_37549.yaml,38
docs/20200425 abc_example/slice3/scenarios/smoothoperator_455127/scenario_38826.yaml,44
docs/20200425 abc_example/slice3/scenarios/smoothoperator_455127/scenario_39284.yaml,31
docs/20200425 abc_example/slice3/scenarios/smoothoperator_455127/scenario_39814.yaml,32
docs/20200425 abc_example/slice3/scenarios/smoothoperator_455127/scenario_39968.yaml,31
docs/20200425 abc_example/slice3/scenarios/smoothoperator_455127/scenario_40461.yaml,44
docs/20200425 abc_example/slice3/scenarios/smoothoperator_455127/scenario_41447.yaml,40
docs/20200425 abc_example/slice3/scenarios/smoothoperator_455127/scenario_41749.yaml,36
docs/20200425 abc_example/slice3/scenarios/smoothoperator_455127/scenario_42161.yaml,44
docs/20200425 abc_example/slice3/scenarios/smoothoperator_455127/scenario_43123.yaml,32
docs/20200425 abc_example/slice3/scenarios/smoothoperator_455127/scenario_43475.yaml,35
docs/20200425 abc_example/slice3/scenarios/smoothoperator_455127/scenario_43613.yaml,44
docs/20200425 abc_example/slice3/scenarios/smoothoperator_455127/scenario_43737.yaml,44
docs/20200425 abc_example/slice3/scenarios/smoothoperator_455127/scenario_43740.yaml,35
docs/20200425 abc_example/slice3/scenarios/smoothoperator_455127/scenario_43900.yaml,36
docs/20200425 abc_example/slice3/scenarios/smoothoperator_455127/scenario_44034.yaml,41
docs/20200425 abc_example/slice3/scenarios/smoothoperator_455127/scenario_44105.yaml,44
docs/20200425 abc_example/slice3/scenarios/smoothoperator_455127/scenario_44805.yaml,44
docs/20200425 abc_example/slice3/scenarios/smoothoperator_455127/scenario_45476.yaml,37
docs/20200425 abc_example/slice3/scenarios/smoothoperator_455127/scenario_45479.yaml,43
docs/20200425 abc_example/slice3/scenarios/smoothoperator_455127/scenario_46223.yaml,43
docs/20200425 abc_example/slice3/scenarios/smoothoperator_455127/scenario_48227.yaml,44
docs/20200425 abc_example/slice3/scenarios/smoothoperator_455127/scenario_48306.yaml,37
docs/20200425 abc_example/slice3/scenarios/smoothoperator_455127/scenario_48935.yaml,35
docs/20200425 abc_example/slice3/scenarios/smoothoperator_455127/scenario_49180.yaml,31
docs/20200425 abc_example/slice3/scenarios/smoothoperator_557967/scenario_512.yaml,37
docs/20200425 abc_example/slice3/scenarios/smoothoperator_557967/scenario_981.yaml,42
docs/20200425 abc_example/slice3/scenarios/smoothoperator_557967/scenario_1777.yaml,38
docs/20200425 abc_example/slice3/scenarios/smoothoperator_557967/scenario_1853.yaml,36
docs/20200425 abc_example/slice3/scenarios/smoothoperator_557967/scenario_2247.yaml,37
docs/20200425 abc_example/slice3/scenarios/smoothoperator_557967/scenario_2723.yaml,44
docs/20200425 abc_example/slice3/scenarios/smoothoperator_557967/scenario_3273.yaml,44
docs/20200425 abc_example/slice3/scenarios/smoothoperator_557967/scenario_3431.yaml,37
docs/20200425 abc_example/slice3/scenarios/smoothoperator_557967/scenario_4126.yaml,42
docs/20200425 abc_example/slice3/scenarios/smoothoperator_557967/scenario_5050.yaml,33
docs/20200425 abc_example/slice3/scenarios/smoothoperator_557967/scenario_7645.yaml,44
docs/20200425 abc_example/slice3/scenarios/smoothoperator_557967/scenario_8144.yaml,44
docs/20200425 abc_example/slice3/scenarios/smoothoperator_557967/scenario_8615.yaml,35
docs/20200425 abc_example/slice3/scenarios/smoothoperator_557967/scenario_9105.yaml,43
docs/20200425 abc_example/slice3/scenarios/smoothoperator_557967/scenario_10108.yaml,34
docs/20200425 abc_example/slice3/scenarios/smoothoperator_557967/scenario_10480.yaml,44
docs/20200425 abc_example/slice3/scenarios/smoothoperator_557967/scenario_11832.yaml,42
docs/20200425 abc_example/slice3/scenarios/smoothoperator_557967/scenario_12163.yaml,43
docs/20200425 abc_example/slice3/scenarios/smoothoperator_557967/scenario_12526.yaml,40
docs/20200425 abc_example/slice3/scenarios/smoothoperator_557967/scenario_12716.yaml,31
docs/20200425 abc_example/slice3/scenarios/smoothoperator_557967/scenario_14051.yaml,44
docs/20200425 abc_example/slice3/scenarios/smoothoperator_557967/scenario_14169.yaml,44
docs/20200425 abc_example/slice3/scenarios/smoothoperator_557967/scenario_14469.yaml,36
docs/20200425 abc_example/slice3/scenarios/smoothoperator_557967/scenario_14582.yaml,43
docs/20200425 abc_example/slice3/scenarios/smoothoperator_557967/scenario_14857.yaml,34
docs/20200425 abc_example/slice3/scenarios/smoothoperator_557967/scenario_15710.yaml,35
docs/20200425 abc_example/slice3/scenarios/smoothoperator_557967/scenario_15753.yaml,44
docs/20200425 abc_example/slice3/scenarios/smoothoperator_557967/scenario_17506.yaml,40
docs/20200425 abc_example/slice3/scenarios/smoothoperator_557967/scenario_18407.yaml,44
docs/20200425 abc_example/slice3/scenarios/smoothoperator_557967/scenario_18802.yaml,44
docs/20200425 abc_example/slice3/scenarios/smoothoperator_557967/scenario_19590.yaml,30
docs/20200425 abc_example/slice3/scenarios/smoothoperator_557967/scenario_19620.yaml,42
docs/20200425 abc_example/slice3/scenarios/smoothoperator_557967/scenario_19840.yaml,30
docs/20200425 abc_example/slice3/scenarios/smoothoperator_557967/scenario_20415.yaml,44
docs/20200425 abc_example/slice3/scenarios/smoothoperator_557967/scenario_22997.yaml,43
docs/20200425 abc_example/slice3/scenarios/smoothoperator_557967/scenario_24531.yaml,42
docs/20200425 abc_example/slice3/scenarios/smoothoperator_557967/scenario_24860.yaml,42
docs/20200425 abc_example/slice3/scenarios/smoothoperator_557967/scenario_24949.yaml,44
docs/20200425 abc_example/slice3/scenarios/smoothoperator_557967/scenario_25064.yaml,31
docs/20200425 abc_example/slice3/scenarios/smoothoperator_557967/scenario_26373.yaml,44
docs/20200425 abc_example/slice3/scenarios/smoothoperator_557967/scenario_26400.yaml,32
docs/20200425 abc_example/slice3/scenarios/smoothoperator_557967/scenario_26597.yaml,42
docs/20200425 abc_example/slice3/scenarios/smoothoperator_557967/scenario_26820.yaml,44
docs/20200425 abc_example/slice3/scenarios/smoothoperator_557967/scenario_26860.yaml,44
docs/20200425 abc_example/slice3/scenarios/smoothoperator_557967/scenario_28697.yaml,33
docs/20200425 abc_example/slice3/scenarios/smoothoperator_557967/scenario_28866.yaml,44
docs/20200425 abc_example/slice3/scenarios/smoothoperator_557967/scenario_28869.yaml,44
docs/20200425 abc_example/slice3/scenarios/smoothoperator_557967/scenario_29477.yaml,37
docs/20200425 abc_example/slice3/scenarios/smoothoperator_557967/scenario_29752.yaml,35
docs/20200425 abc_example/slice3/scenarios/smoothoperator_557967/scenario_30266.yaml,35
docs/20200425 abc_example/slice3/scenarios/smoothoperator_557967/scenario_30553.yaml,40
docs/20200425 abc_example/slice3/scenarios/smoothoperator_557967/scenario_31281.yaml,38
docs/20200425 abc_example/slice3/scenarios/smoothoperator_557967/scenario_31480.yaml,35
docs/20200425 abc_example/slice3/scenarios/smoothoperator_557967/scenario_31799.yaml,40
docs/20200425 abc_example/slice3/scenarios/smoothoperator_557967/scenario_32448.yaml,44
docs/20200425 abc_example/slice3/scenarios/smoothoperator_557967/scenario_32512.yaml,34
docs/20200425 abc_example/slice3/scenarios/smoothoperator_557967/scenario_32727.yaml,38
docs/20200425 abc_example/slice3/scenarios/smoothoperator_557967/scenario_32869.yaml,44
docs/20200425 abc_example/slice3/scenarios/smoothoperator_557967/scenario_33777.yaml,44
docs/20200425 abc_example/slice3/scenarios/smoothoperator_557967/scenario_33889.yaml,40
docs/20200425 abc_example/slice3/scenarios/smoothoperator_557967/scenario_33953.yaml,44
docs/20200425 abc_example/slice3/scenarios/smoothoperator_557967/scenario_34067.yaml,43
docs/20200425 abc_example/slice3/scenarios/smoothoperator_557967/scenario_37516.yaml,40
docs/20200425 abc_example/slice3/scenarios/smoothoperator_557967/scenario_38041.yaml,31
docs/20200425 abc_example/slice3/scenarios/smoothoperator_557967/scenario_39970.yaml,41
docs/20200425 abc_example/slice3/scenarios/smoothoperator_557967/scenario_40681.yaml,43
docs/20200425 abc_example/slice3/scenarios/smoothoperator_557967/scenario_41214.yaml,32
docs/20200425 abc_example/slice3/scenarios/smoothoperator_557967/scenario_41676.yaml,40
docs/20200425 abc_example/slice3/scenarios/smoothoperator_557967/scenario_41711.yaml,32
docs/20200425 abc_example/slice3/scenarios/smoothoperator_557967/scenario_43088.yaml,32
docs/20200425 abc_example/slice3/scenarios/smoothoperator_557967/scenario_43440.yaml,44
docs/20200425 abc_example/slice3/scenarios/smoothoperator_557967/scenario_43462.yaml,35
docs/20200425 abc_example/slice3/scenarios/smoothoperator_557967/scenario_43630.yaml,44
docs/20200425 abc_example/slice3/scenarios/smoothoperator_557967/scenario_43781.yaml,37
docs/20200425 abc_example/slice3/scenarios/smoothoperator_557967/scenario_44387.yaml,35
docs/20200425 abc_example/slice3/scenarios/smoothoperator_557967/scenario_44858.yaml,34
docs/20200425 abc_example/slice3/scenarios/smoothoperator_557967/scenario_44999.yaml,37
docs/20200425 abc_example/slice3/scenarios/smoothoperator_557967/scenario_45363.yaml,30
docs/20200425 abc_example/slice3/scenarios/smoothoperator_557967/scenario_45449.yaml,37
docs/20200425 abc_example/slice3/scenarios/smoothoperator_557967/scenario_46411.yaml,44
docs/20200425 abc_example/slice3/scenarios/smoothoperator_557967/scenario_46967.yaml,41
docs/20200425 abc_example/slice3/scenarios/smoothoperator_557967/scenario_47332.yaml,44
docs/20200425 abc_example/slice3/scenarios/smoothoperator_557967/scenario_49429.yaml,37
docs/20200425 abc_example/slice3/scenarios/smoothoperator_557967/scenario_49468.yaml,42
docs/20200425 abc_example/slice3/scenarios/smoothoperator_557967/scenario_49601.yaml,37
docs/20200425 abc_example/slice3/scenarios/smoothoperator_557967/scenario_49619.yaml,36
docs/20200425 abc_example/slice3/scenarios/smoothoperator_681482/scenario_953.yaml,44
docs/20200425 abc_example/slice3/scenarios/smoothoperator_681482/scenario_1157.yaml,42
docs/20200425 abc_example/slice3/scenarios/smoothoperator_681482/scenario_2548.yaml,31
docs/20200425 abc_example/slice3/scenarios/smoothoperator_681482/scenario_2721.yaml,36
docs/20200425 abc_example/slice3/scenarios/smoothoperator_681482/scenario_2959.yaml,31
docs/20200425 abc_example/slice3/scenarios/smoothoperator_681482/scenario_4213.yaml,44
docs/20200425 abc_example/slice3/scenarios/smoothoperator_681482/scenario_4823.yaml,44
docs/20200425 abc_example/slice3/scenarios/smoothoperator_681482/scenario_4986.yaml,36
docs/20200425 abc_example/slice3/scenarios/smoothoperator_681482/scenario_5929.yaml,31
docs/20200425 abc_example/slice3/scenarios/smoothoperator_681482/scenario_6204.yaml,36
docs/20200425 abc_example/slice3/scenarios/smoothoperator_681482/scenario_6342.yaml,33
docs/20200425 abc_example/slice3/scenarios/smoothoperator_681482/scenario_6527.yaml,31
docs/20200425 abc_example/slice3/scenarios/smoothoperator_681482/scenario_6768.yaml,44
docs/20200425 abc_example/slice3/scenarios/smoothoperator_681482/scenario_7809.yaml,36
docs/20200425 abc_example/slice3/scenarios/smoothoperator_681482/scenario_7944.yaml,44
docs/20200425 abc_example/slice3/scenarios/smoothoperator_681482/scenario_8644.yaml,44
docs/20200425 abc_example/slice3/scenarios/smoothoperator_681482/scenario_8682.yaml,36
docs/20200425 abc_example/slice3/scenarios/smoothoperator_681482/scenario_9131.yaml,30
docs/20200425 abc_example/slice3/scenarios/smoothoperator_681482/scenario_9280.yaml,30
docs/20200425 abc_example/slice3/scenarios/smoothoperator_681482/scenario_9483.yaml,44
docs/20200425 abc_example/slice3/scenarios/smoothoperator_681482/scenario_9739.yaml,44
docs/20200425 abc_example/slice3/scenarios/smoothoperator_681482/scenario_10667.yaml,39
docs/20200425 abc_example/slice3/scenarios/smoothoperator_681482/scenario_10690.yaml,44
docs/20200425 abc_example/slice3/scenarios/smoothoperator_681482/scenario_11605.yaml,43
docs/20200425 abc_example/slice3/scenarios/smoothoperator_681482/scenario_11869.yaml,44
docs/20200425 abc_example/slice3/scenarios/smoothoperator_681482/scenario_12542.yaml,44
docs/20200425 abc_example/slice3/scenarios/smoothoperator_681482/scenario_13016.yaml,34
docs/20200425 abc_example/slice3/scenarios/smoothoperator_681482/scenario_14269.yaml,35
docs/20200425 abc_example/slice3/scenarios/smoothoperator_681482/scenario_14277.yaml,39
docs/20200425 abc_example/slice3/scenarios/smoothoperator_681482/scenario_14885.yaml,44
docs/20200425 abc_example/slice3/scenarios/smoothoperator_681482/scenario_15830.yaml,44
docs/20200425 abc_example/slice3/scenarios/smoothoperator_681482/scenario_16017.yaml,44
docs/20200425 abc_example/slice3/scenarios/smoothoperator_681482/scenario_16021.yaml,35
docs/20200425 abc_example/slice3/scenarios/smoothoperator_681482/scenario_16380.yaml,44
docs/20200425 abc_example/slice3/scenarios/smoothoperator_681482/scenario_16944.yaml,35
docs/20200425 abc_example/slice3/scenarios/smoothoperator_681482/scenario_17073.yaml,44
docs/20200425 abc_example/slice3/scenarios/smoothoperator_681482/scenario_17135.yaml,43
docs/20200425 abc_example/slice3/scenarios/smoothoperator_681482/scenario_17169.yaml,43
docs/20200425 abc_example/slice3/scenarios/smoothoperator_681482/scenario_17581.yaml,40
docs/20200425 abc_example/slice3/scenarios/smoothoperator_681482/scenario_17950.yaml,37
docs/20200425 abc_example/slice3/scenarios/smoothoperator_681482/scenario_18613.yaml,44
docs/20200425 abc_example/slice3/scenarios/smoothoperator_681482/scenario_19049.yaml,42
docs/20200425 abc_example/slice3/scenarios/smoothoperator_681482/scenario_19068.yaml,44
docs/20200425 abc_example/slice3/scenarios/smoothoperator_681482/scenario_19230.yaml,42
docs/20200425 abc_example/slice3/scenarios/smoothoperator_681482/scenario_20131.yaml,36
docs/20200425 abc_example/slice3/scenarios/smoothoperator_681482/scenario_20809.yaml,44
docs/20200425 abc_example/slice3/scenarios/smoothoperator_681482/scenario_21193.yaml,36
docs/20200425 abc_example/slice3/scenarios/smoothoperator_681482/scenario_21429.yaml,30
docs/20200425 abc_example/slice3/scenarios/smoothoperator_681482/scenario_22300.yaml,40
docs/20200425 abc_example/slice3/scenarios/smoothoperator_681482/scenario_23407.yaml,32
docs/20200425 abc_example/slice3/scenarios/smoothoperator_681482/scenario_23918.yaml,44
docs/20200425 abc_example/slice3/scenarios/smoothoperator_681482/scenario_24146.yaml,44
docs/20200425 abc_example/slice3/scenarios/smoothoperator_681482/scenario_24183.yaml,44
docs/20200425 abc_example/slice3/scenarios/smoothoperator_681482/scenario_24712.yaml,44
docs/20200425 abc_example/slice3/scenarios/smoothoperator_681482/scenario_24781.yaml,35
docs/20200425 abc_example/slice3/scenarios/smoothoperator_681482/scenario_25081.yaml,44
docs/20200425 abc_example/slice3/scenarios/smoothoperator_681482/scenario_25191.yaml,44
docs/20200425 abc_example/slice3/scenarios/smoothoperator_681482/scenario_25277.yaml,44
docs/20200425 abc_example/slice3/scenarios/smoothoperator_681482/scenario_25871.yaml,44
docs/20200425 abc_example/slice3/scenarios/smoothoperator_681482/scenario_26097.yaml,35
docs/20200425 abc_example/slice3/scenarios/smoothoperator_681482/scenario_26101.yaml,41
docs/20200425 abc_example/slice3/scenarios/smoothoperator_681482/scenario_26291.yaml,43
docs/20200425 abc_example/slice3/scenarios/smoothoperator_681482/scenario_26467.yaml,31
docs/20200425 abc_example/slice3/scenarios/smoothoperator_681482/scenario_26470.yaml,36
docs/20200425 abc_example/slice3/scenarios/smoothoperator_681482/scenario_26820.yaml,44
docs/20200425 abc_example/slice3/scenarios/smoothoperator_681482/scenario_27029.yaml,40
docs/20200425 abc_example/slice3/scenarios/smoothoperator_681482/scenario_27407.yaml,44
docs/20200425 abc_example/slice3/scenarios/smoothoperator_681482/scenario_27753.yaml,44
docs/20200425 abc_example/slice3/scenarios/smoothoperator_681482/scenario_29228.yaml,36
docs/20200425 abc_example/slice3/scenarios/smoothoperator_681482/scenario_29308.yaml,44
docs/20200425 abc_example/slice3/scenarios/smoothoperator_681482/scenario_30565.yaml,36
docs/20200425 abc_example/slice3/scenarios/smoothoperator_681482/scenario_30757.yaml,33
docs/20200425 abc_example/slice3/scenarios/smoothoperator_681482/scenario_31607.yaml,44
docs/20200425 abc_example/slice3/scenarios/smoothoperator_681482/scenario_32634.yaml,44
docs/20200425 abc_example/slice3/scenarios/smoothoperator_681482/scenario_32653.yaml,35
docs/20200425 abc_example/slice3/scenarios/smoothoperator_681482/scenario_32737.yaml,39
docs/20200425 abc_example/slice3/scenarios/smoothoperator_681482/scenario_33364.yaml,36
docs/20200425 abc_example/slice3/scenarios/smoothoperator_681482/scenario_33811.yaml,33
docs/20200425 abc_example/slice3/scenarios/smoothoperator_681482/scenario_33867.yaml,36
docs/20200425 abc_example/slice3/scenarios/smoothoperator_681482/scenario_35490.yaml,44
docs/20200425 abc_example/slice3/scenarios/smoothoperator_681482/scenario_35491.yaml,37
docs/20200425 abc_example/slice3/scenarios/smoothoperator_681482/scenario_36205.yaml,44
docs/20200425 abc_example/slice3/scenarios/smoothoperator_681482/scenario_36451.yaml,44
docs/20200425 abc_example/slice3/scenarios/smoothoperator_681482/scenario_37114.yaml,35
docs/20200425 abc_example/slice3/scenarios/smoothoperator_681482/scenario_37344.yaml,44
docs/20200425 abc_example/slice3/scenarios/smoothoperator_681482/scenario_37894.yaml,38
docs/20200425 abc_example/slice3/scenarios/smoothoperator_681482/scenario_38113.yaml,42
docs/20200425 abc_example/slice3/scenarios/smoothoperator_681482/scenario_38226.yaml,36
docs/20200425 abc_example/slice3/scenarios/smoothoperator_681482/scenario_38673.yaml,35
docs/20200425 abc_example/slice3/scenarios/smoothoperator_681482/scenario_39071.yaml,38
docs/20200425 abc_example/slice3/scenarios/smoothoperator_681482/scenario_39407.yaml,44
docs/20200425 abc_example/slice3/scenarios/smoothoperator_681482/scenario_40296.yaml,44
docs/20200425 abc_example/slice3/scenarios/smoothoperator_681482/scenario_40377.yaml,30
docs/20200425 abc_example/slice3/scenarios/smoothoperator_681482/scenario_42509.yaml,36
docs/20200425 abc_example/slice3/scenarios/smoothoperator_681482/scenario_43264.yaml,33
docs/20200425 abc_example/slice3/scenarios/smoothoperator_681482/scenario_43434.yaml,43
docs/20200425 abc_example/slice3/scenarios/smoothoperator_681482/scenario_43615.yaml,38
docs/20200425 abc_example/slice3/scenarios/smoothoperator_681482/scenario_44185.yaml,39
docs/20200425 abc_example/slice3/scenarios/smoothoperator_681482/scenario_44230.yaml,30
docs/20200425 abc_example/slice3/scenarios/smoothoperator_681482/scenario_44431.yaml,34
docs/20200425 abc_example/slice3/scenarios/smoothoperator_681482/scenario_44488.yaml,44
docs/20200425 abc_example/slice3/scenarios/smoothoperator_681482/scenario_45038.yaml,39
docs/20200425 abc_example/slice3/scenarios/smoothoperator_681482/scenario_45551.yaml,37
docs/20200425 abc_example/slice3/scenarios/smoothoperator_681482/scenario_45918.yaml,36
docs/20200425 abc_example/slice3/scenarios/smoothoperator_681482/scenario_46253.yaml,41
docs/20200425 abc_example/slice3/scenarios/smoothoperator_681482/scenario_46631.yaml,44
docs/20200425 abc_example/slice3/scenarios/smoothoperator_681482/scenario_46720.yaml,44
docs/20200425 abc_example/slice3/scenarios/smoothoperator_681482/scenario_46903.yaml,31
docs/20200425 abc_example/slice3/scenarios/smoothoperator_681482/scenario_47621.yaml,36
docs/20200425 abc_example/slice3/scenarios/smoothoperator_681482/scenario_47793.yaml,34
docs/20200425 abc_example/slice3/scenarios/smoothoperator_681482/scenario_47914.yaml,36
docs/20200425 abc_example/slice3/scenarios/smoothoperator_681482/scenario_48586.yaml,44
docs/20200425 abc_example/slice3/scenarios/smoothoperator_681482/scenario_48944.yaml,36
docs/20200425 abc_example/slice3/scenarios/smoothoperator_681482/scenario_49008.yaml,44
docs/20200425 abc_example/slice3/scenarios/smoothoperator_681482/scenario_49467.yaml,44
docs/20200425 abc_example/slice3/scenarios/smoothoperator_681482/scenario_49890.yaml,40
docs/20200425 abc_example/slice3/scenarios/smoothoperator_781410/scenario_397.yaml,36
docs/20200425 abc_example/slice3/scenarios/smoothoperator_781410/scenario_1190.yaml,32
docs/20200425 abc_example/slice3/scenarios/smoothoperator_781410/scenario_1667.yaml,31
docs/20200425 abc_example/slice3/scenarios/smoothoperator_781410/scenario_2071.yaml,44
docs/20200425 abc_example/slice3/scenarios/smoothoperator_781410/scenario_2171.yaml,37
docs/20200425 abc_example/slice3/scenarios/smoothoperator_781410/scenario_2436.yaml,44
docs/20200425 abc_example/slice3/scenarios/smoothoperator_781410/scenario_2803.yaml,37
docs/20200425 abc_example/slice3/scenarios/smoothoperator_781410/scenario_4702.yaml,40
docs/20200425 abc_example/slice3/scenarios/smoothoperator_781410/scenario_4722.yaml,44
docs/20200425 abc_example/slice3/scenarios/smoothoperator_781410/scenario_4930.yaml,31
docs/20200425 abc_example/slice3/scenarios/smoothoperator_781410/scenario_5272.yaml,37
docs/20200425 abc_example/slice3/scenarios/smoothoperator_781410/scenario_5535.yaml,37
docs/20200425 abc_example/slice3/scenarios/smoothoperator_781410/scenario_6175.yaml,35
docs/20200425 abc_example/slice3/scenarios/smoothoperator_781410/scenario_6411.yaml,36
docs/20200425 abc_example/slice3/scenarios/smoothoperator_781410/scenario_6916.yaml,36
docs/20200425 abc_example/slice3/scenarios/smoothoperator_781410/scenario_7132.yaml,42
docs/20200425 abc_example/slice3/scenarios/smoothoperator_781410/scenario_7404.yaml,32
docs/20200425 abc_example/slice3/scenarios/smoothoperator_781410/scenario_9101.yaml,44
docs/20200425 abc_example/slice3/scenarios/smoothoperator_781410/scenario_9334.yaml,31
docs/20200425 abc_example/slice3/scenarios/smoothoperator_781410/scenario_10182.yaml,36
docs/20200425 abc_example/slice3/scenarios/smoothoperator_781410/scenario_10659.yaml,31
docs/20200425 abc_example/slice3/scenarios/smoothoperator_781410/scenario_12501.yaml,31
docs/20200425 abc_example/slice3/scenarios/smoothoperator_781410/scenario_12643.yaml,44
docs/20200425 abc_example/slice3/scenarios/smoothoperator_781410/scenario_13021.yaml,44
docs/20200425 abc_example/slice3/scenarios/smoothoperator_781410/scenario_13233.yaml,44
docs/20200425 abc_example/slice3/scenarios/smoothoperator_781410/scenario_13239.yaml,44
docs/20200425 abc_example/slice3/scenarios/smoothoperator_781410/scenario_14164.yaml,44
docs/20200425 abc_example/slice3/scenarios/smoothoperator_781410/scenario_14798.yaml,42
docs/20200425 abc_example/slice3/scenarios/smoothoperator_781410/scenario_15051.yaml,44
docs/20200425 abc_example/slice3/scenarios/smoothoperator_781410/scenario_15499.yaml,44
docs/20200425 abc_example/slice3/scenarios/smoothoperator_781410/scenario_16300.yaml,32
docs/20200425 abc_example/slice3/scenarios/smoothoperator_781410/scenario_16729.yaml,40
docs/20200425 abc_example/slice3/scenarios/smoothoperator_781410/scenario_17120.yaml,44
docs/20200425 abc_example/slice3/scenarios/smoothoperator_781410/scenario_17738.yaml,43
docs/20200425 abc_example/slice3/scenarios/smoothoperator_781410/scenario_18236.yaml,44
docs/20200425 abc_example/slice3/scenarios/smoothoperator_781410/scenario_18245.yaml,30
docs/20200425 abc_example/slice3/scenarios/smoothoperator_781410/scenario_18350.yaml,44
docs/20200425 abc_example/slice3/scenarios/smoothoperator_781410/scenario_18607.yaml,42
docs/20200425 abc_example/slice3/scenarios/smoothoperator_781410/scenario_18727.yaml,43
docs/20200425 abc_example/slice3/scenarios/smoothoperator_781410/scenario_18907.yaml,35
docs/20200425 abc_example/slice3/scenarios/smoothoperator_781410/scenario_19630.yaml,44
docs/20200425 abc_example/slice3/scenarios/smoothoperator_781410/scenario_20463.yaml,37
docs/20200425 abc_example/slice3/scenarios/smoothoperator_781410/scenario_21077.yaml,43
docs/20200425 abc_example/slice3/scenarios/smoothoperator_781410/scenario_21088.yaml,33
docs/20200425 abc_example/slice3/scenarios/smoothoperator_781410/scenario_22085.yaml,37
docs/20200425 abc_example/slice3/scenarios/smoothoperator_781410/scenario_22321.yaml,44
docs/20200425 abc_example/slice3/scenarios/smoothoperator_781410/scenario_22336.yaml,42
docs/20200425 abc_example/slice3/scenarios/smoothoperator_781410/scenario_22709.yaml,44
docs/20200425 abc_example/slice3/scenarios/smoothoperator_781410/scenario_23004.yaml,33
docs/20200425 abc_example/slice3/scenarios/smoothoperator_781410/scenario_23077.yaml,42
docs/20200425 abc_example/slice3/scenarios/smoothoperator_781410/scenario_23211.yaml,37
docs/20200425 abc_example/slice3/scenarios/smoothoperator_781410/scenario_23490.yaml,37
docs/20200425 abc_example/slice3/scenarios/smoothoperator_781410/scenario_23612.yaml,44
docs/20200425 abc_example/slice3/scenarios/smoothoperator_781410/scenario_23783.yaml,41
docs/20200425 abc_example/slice3/scenarios/smoothoperator_781410/scenario_24617.yaml,44
docs/20200425 abc_example/slice3/scenarios/smoothoperator_781410/scenario_25087.yaml,44
docs/20200425 abc_example/slice3/scenarios/smoothoperator_781410/scenario_25151.yaml,44
docs/20200425 abc_example/slice3/scenarios/smoothoperator_781410/scenario_25389.yaml,44
docs/20200425 abc_example/slice3/scenarios/smoothoperator_781410/scenario_25511.yaml,32
docs/20200425 abc_example/slice3/scenarios/smoothoperator_781410/scenario_26168.yaml,44
docs/20200425 abc_example/slice3/scenarios/smoothoperator_781410/scenario_26492.yaml,44
docs/20200425 abc_example/slice3/scenarios/smoothoperator_781410/scenario_27821.yaml,36
docs/20200425 abc_example/slice3/scenarios/smoothoperator_781410/scenario_27993.yaml,44
docs/20200425 abc_example/slice3/scenarios/smoothoperator_781410/scenario_28359.yaml,30
docs/20200425 abc_example/slice3/scenarios/smoothoperator_781410/scenario_28576.yaml,44
docs/20200425 abc_example/slice3/scenarios/smoothoperator_781410/scenario_29044.yaml,31
docs/20200425 abc_example/slice3/scenarios/smoothoperator_781410/scenario_29159.yaml,35
docs/20200425 abc_example/slice3/scenarios/smoothoperator_781410/scenario_29625.yaml,44
docs/20200425 abc_example/slice3/scenarios/smoothoperator_781410/scenario_30260.yaml,34
docs/20200425 abc_example/slice3/scenarios/smoothoperator_781410/scenario_32003.yaml,36
docs/20200425 abc_example/slice3/scenarios/smoothoperator_781410/scenario_32670.yaml,44
docs/20200425 abc_example/slice3/scenarios/smoothoperator_781410/scenario_33661.yaml,35
docs/20200425 abc_example/slice3/scenarios/smoothoperator_781410/scenario_34296.yaml,36
docs/20200425 abc_example/slice3/scenarios/smoothoperator_781410/scenario_34667.yaml,44
docs/20200425 abc_example/slice3/scenarios/smoothoperator_781410/scenario_34741.yaml,44
docs/20200425 abc_example/slice3/scenarios/smoothoperator_781410/scenario_34852.yaml,43
docs/20200425 abc_example/slice3/scenarios/smoothoperator_781410/scenario_35788.yaml,33
docs/20200425 abc_example/slice3/scenarios/smoothoperator_781410/scenario_35792.yaml,44
docs/20200425 abc_example/slice3/scenarios/smoothoperator_781410/scenario_36485.yaml,35
docs/20200425 abc_example/slice3/scenarios/smoothoperator_781410/scenario_37056.yaml,34
docs/20200425 abc_example/slice3/scenarios/smoothoperator_781410/scenario_37674.yaml,44
docs/20200425 abc_example/slice3/scenarios/smoothoperator_781410/scenario_37888.yaml,37
docs/20200425 abc_example/slice3/scenarios/smoothoperator_781410/scenario_38466.yaml,44
docs/20200425 abc_example/slice3/scenarios/smoothoperator_781410/scenario_40294.yaml,44
docs/20200425 abc_example/slice3/scenarios/smoothoperator_781410/scenario_40811.yaml,36
docs/20200425 abc_example/slice3/scenarios/smoothoperator_781410/scenario_40980.yaml,44
docs/20200425 abc_example/slice3/scenarios/smoothoperator_781410/scenario_41146.yaml,35
docs/20200425 abc_example/slice3/scenarios/smoothoperator_781410/scenario_41281.yaml,44
docs/20200425 abc_example/slice3/scenarios/smoothoperator_781410/scenario_41525.yaml,33
docs/20200425 abc_example/slice3/scenarios/smoothoperator_781410/scenario_42465.yaml,36
docs/20200425 abc_example/slice3/scenarios/smoothoperator_781410/scenario_42897.yaml,38
docs/20200425 abc_example/slice3/scenarios/smoothoperator_781410/scenario_43436.yaml,43
docs/20200425 abc_example/slice3/scenarios/smoothoperator_781410/scenario_43443.yaml,36
docs/20200425 abc_example/slice3/scenarios/smoothoperator_781410/scenario_43690.yaml,44
docs/20200425 abc_example/slice3/scenarios/smoothoperator_781410/scenario_44881.yaml,33
docs/20200425 abc_example/slice3/scenarios/smoothoperator_781410/scenario_44894.yaml,35
docs/20200425 abc_example/slice3/scenarios/smoothoperator_781410/scenario_44937.yaml,36
docs/20200425 abc_example/slice3/scenarios/smoothoperator_781410/scenario_44948.yaml,44
docs/20200425 abc_example/slice3/scenarios/smoothoperator_781410/scenario_45187.yaml,44
docs/20200425 abc_example/slice3/scenarios/smoothoperator_781410/scenario_45726.yaml,44
docs/20200425 abc_example/slice3/scenarios/smoothoperator_781410/scenario_46176.yaml,42
docs/20200425 abc_example/slice3/scenarios/smoothoperator_781410/scenario_46501.yaml,39
docs/20200425 abc_example/slice3/scenarios/smoothoperator_781410/scenario_47005.yaml,36
docs/20200425 abc_example/slice3/scenarios/smoothoperator_781410/scenario_47172.yaml,33
docs/20200425 abc_example/slice3/scenarios/smoothoperator_781410/scenario_47745.yaml,36
docs/20200425 abc_example/slice3/scenarios/smoothoperator_781410/scenario_48373.yaml,44
docs/20200425 abc_example/slice3/scenarios/smoothoperator_781410/scenario_48381.yaml,35
docs/20200425 abc_example/slice3/scenarios/smoothoperator_781410/scenario_48679.yaml,44
docs/20200425 abc_example/slice3/scenarios/smoothoperator_781410/scenario_49653.yaml,31
docs/20200425 abc_example/slice3/scenarios/smoothoperator_781410/scenario_49691.yaml,44
docs/20200425 abc_example/slice3/scenarios/smoothoperator_792801/scenario_702.yaml,34
docs/20200425 abc_example/slice3/scenarios/smoothoperator_792801/scenario_931.yaml,42
docs/20200425 abc_example/slice3/scenarios/smoothoperator_792801/scenario_1581.yaml,43
docs/20200425 abc_example/slice3/scenarios/smoothoperator_792801/scenario_2317.yaml,36
docs/20200425 abc_example/slice3/scenarios/smoothoperator_792801/scenario_2917.yaml,44
docs/20200425 abc_example/slice3/scenarios/smoothoperator_792801/scenario_3555.yaml,43
docs/20200425 abc_example/slice3/scenarios/smoothoperator_792801/scenario_3676.yaml,31
docs/20200425 abc_example/slice3/scenarios/smoothoperator_792801/scenario_3890.yaml,30
docs/20200425 abc_example/slice3/scenarios/smoothoperator_792801/scenario_3946.yaml,36
docs/20200425 abc_example/slice3/scenarios/smoothoperator_792801/scenario_3985.yaml,44
docs/20200425 abc_example/slice3/scenarios/smoothoperator_792801/scenario_4028.yaml,44
docs/20200425 abc_example/slice3/scenarios/smoothoperator_792801/scenario_4102.yaml,38
docs/20200425 abc_example/slice3/scenarios/smoothoperator_792801/scenario_4642.yaml,35
docs/20200425 abc_example/slice3/scenarios/smoothoperator_792801/scenario_5379.yaml,38
docs/20200425 abc_example/slice3/scenarios/smoothoperator_792801/scenario_5407.yaml,36
docs/20200425 abc_example/slice3/scenarios/smoothoperator_792801/scenario_5512.yaml,37
docs/20200425 abc_example/slice3/scenarios/smoothoperator_792801/scenario_5617.yaml,44
docs/20200425 abc_example/slice3/scenarios/smoothoperator_792801/scenario_5703.yaml,38
docs/20200425 abc_example/slice3/scenarios/smoothoperator_792801/scenario_5972.yaml,37
docs/20200425 abc_example/slice3/scenarios/smoothoperator_792801/scenario_6742.yaml,44
docs/20200425 abc_example/slice3/scenarios/smoothoperator_792801/scenario_7433.yaml,40
docs/20200425 abc_example/slice3/scenarios/smoothoperator_792801/scenario_7453.yaml,37
docs/20200425 abc_example/slice3/scenarios/smoothoperator_792801/scenario_7867.yaml,36
docs/20200425 abc_example/slice3/scenarios/smoothoperator_792801/scenario_9119.yaml,42
docs/20200425 abc_example/slice3/scenarios/smoothoperator_792801/scenario_9316.yaml,44
docs/20200425 abc_example/slice3/scenarios/smoothoperator_792801/scenario_10173.yaml,39
docs/20200425 abc_example/slice3/scenarios/smoothoperator_792801/scenario_10296.yaml,44
docs/20200425 abc_example/slice3/scenarios/smoothoperator_792801/scenario_10888.yaml,30
docs/20200425 abc_example/slice3/scenarios/smoothoperator_792801/scenario_11921.yaml,41
docs/20200425 abc_example/slice3/scenarios/smoothoperator_792801/scenario_12121.yaml,43
docs/20200425 abc_example/slice3/scenarios/smoothoperator_792801/scenario_12271.yaml,44
docs/20200425 abc_example/slice3/scenarios/smoothoperator_792801/scenario_12881.yaml,44
docs/20200425 abc_example/slice3/scenarios/smoothoperator_792801/scenario_12929.yaml,43
docs/20200425 abc_example/slice3/scenarios/smoothoperator_792801/scenario_13510.yaml,44
docs/20200425 abc_example/slice3/scenarios/smoothoperator_792801/scenario_14077.yaml,44
docs/20200425 abc_example/slice3/scenarios/smoothoperator_792801/scenario_14436.yaml,44
docs/20200425 abc_example/slice3/scenarios/smoothoperator_792801/scenario_14706.yaml,34
docs/20200425 abc_example/slice3/scenarios/smoothoperator_792801/scenario_14987.yaml,44
docs/20200425 abc_example/slice3/scenarios/smoothoperator_792801/scenario_15381.yaml,38
docs/20200425 abc_example/slice3/scenarios/smoothoperator_792801/scenario_15831.yaml,42
docs/20200425 abc_example/slice3/scenarios/smoothoperator_792801/scenario_16008.yaml,44
docs/20200425 abc_example/slice3/scenarios/smoothoperator_792801/scenario_16084.yaml,44
docs/20200425 abc_example/slice3/scenarios/smoothoperator_792801/scenario_16626.yaml,44
docs/20200425 abc_example/slice3/scenarios/smoothoperator_792801/scenario_17277.yaml,44
docs/20200425 abc_example/slice3/scenarios/smoothoperator_792801/scenario_17364.yaml,30
docs/20200425 abc_example/slice3/scenarios/smoothoperator_792801/scenario_17419.yaml,32
docs/20200425 abc_example/slice3/scenarios/smoothoperator_792801/scenario_18444.yaml,44
docs/20200425 abc_example/slice3/scenarios/smoothoperator_792801/scenario_18549.yaml,44
docs/20200425 abc_example/slice3/scenarios/smoothoperator_792801/scenario_18655.yaml,44
docs/20200425 abc_example/slice3/scenarios/smoothoperator_792801/scenario_18843.yaml,37
docs/20200425 abc_example/slice3/scenarios/smoothoperator_792801/scenario_20144.yaml,32
docs/20200425 abc_example/slice3/scenarios/smoothoperator_792801/scenario_21584.yaml,33
docs/20200425 abc_example/slice3/scenarios/smoothoperator_792801/scenario_21926.yaml,37
docs/20200425 abc_example/slice3/scenarios/smoothoperator_792801/scenario_22079.yaml,44
docs/20200425 abc_example/slice3/scenarios/smoothoperator_792801/scenario_22849.yaml,34
docs/20200425 abc_example/slice3/scenarios/smoothoperator_792801/scenario_23001.yaml,37
docs/20200425 abc_example/slice3/scenarios/smoothoperator_792801/scenario_24059.yaml,36
docs/20200425 abc_example/slice3/scenarios/smoothoperator_792801/scenario_24394.yaml,44
docs/20200425 abc_example/slice3/scenarios/smoothoperator_792801/scenario_25129.yaml,44
docs/20200425 abc_example/slice3/scenarios/smoothoperator_792801/scenario_25952.yaml,44
docs/20200425 abc_example/slice3/scenarios/smoothoperator_792801/scenario_26110.yaml,35
docs/20200425 abc_example/slice3/scenarios/smoothoperator_792801/scenario_26493.yaml,44
docs/20200425 abc_example/slice3/scenarios/smoothoperator_792801/scenario_26742.yaml,44
docs/20200425 abc_example/slice3/scenarios/smoothoperator_792801/scenario_27764.yaml,44
docs/20200425 abc_example/slice3/scenarios/smoothoperator_792801/scenario_27902.yaml,31
docs/20200425 abc_example/slice3/scenarios/smoothoperator_792801/scenario_28753.yaml,42
docs/20200425 abc_example/slice3/scenarios/smoothoperator_792801/scenario_28811.yaml,31
docs/20200425 abc_example/slice3/scenarios/smoothoperator_792801/scenario_29962.yaml,36
docs/20200425 abc_example/slice3/scenarios/smoothoperator_792801/scenario_30767.yaml,41
docs/20200425 abc_example/slice3/scenarios/smoothoperator_792801/scenario_31965.yaml,44
docs/20200425 abc_example/slice3/scenarios/smoothoperator_792801/scenario_33050.yaml,37
docs/20200425 abc_example/slice3/scenarios/smoothoperator_792801/scenario_34207.yaml,33
docs/20200425 abc_example/slice3/scenarios/smoothoperator_792801/scenario_34498.yaml,37
docs/20200425 abc_example/slice3/scenarios/smoothoperator_792801/scenario_35239.yaml,36
docs/20200425 abc_example/slice3/scenarios/smoothoperator_792801/scenario_36251.yaml,44
docs/20200425 abc_example/slice3/scenarios/smoothoperator_792801/scenario_36687.yaml,36
docs/20200425 abc_example/slice3/scenarios/smoothoperator_792801/scenario_37035.yaml,41
docs/20200425 abc_example/slice3/scenarios/smoothoperator_792801/scenario_38255.yaml,44
docs/20200425 abc_example/slice3/scenarios/smoothoperator_792801/scenario_38443.yaml,42
docs/20200425 abc_example/slice3/scenarios/smoothoperator_792801/scenario_38695.yaml,32
docs/20200425 abc_example/slice3/scenarios/smoothoperator_792801/scenario_38759.yaml,44
docs/20200425 abc_example/slice3/scenarios/smoothoperator_792801/scenario_38926.yaml,33
docs/20200425 abc_example/slice3/scenarios/smoothoperator_792801/scenario_39148.yaml,36
docs/20200425 abc_example/slice3/scenarios/smoothoperator_792801/scenario_40486.yaml,42
docs/20200425 abc_example/slice3/scenarios/smoothoperator_792801/scenario_40679.yaml,44
docs/20200425 abc_example/slice3/scenarios/smoothoperator_792801/scenario_41202.yaml,37
docs/20200425 abc_example/slice3/scenarios/smoothoperator_792801/scenario_41427.yaml,36
docs/20200425 abc_example/slice3/scenarios/smoothoperator_792801/scenario_41581.yaml,36
docs/20200425 abc_example/slice3/scenarios/smoothoperator_792801/scenario_43004.yaml,37
docs/20200425 abc_example/slice3/scenarios/smoothoperator_792801/scenario_43157.yaml,44
docs/20200425 abc_example/slice3/scenarios/smoothoperator_792801/scenario_44885.yaml,37
docs/20200425 abc_example/slice3/scenarios/smoothoperator_792801/scenario_44904.yaml,44
docs/20200425 abc_example/slice3/scenarios/smoothoperator_792801/scenario_46757.yaml,33
docs/20200425 abc_example/slice3/scenarios/smoothoperator_792801/scenario_47033.yaml,36
docs/20200425 abc_example/slice3/scenarios/smoothoperator_792801/scenario_49152.yaml,37
docs/20200425 abc_example/slice3/scenarios/smoothoperator_792801/scenario_49163.yaml,44
docs/20200425 abc_example/slice3/scenarios/smoothoperator_792801/scenario_49606.yaml,37
docs/20200425 abc_example/slice3/scenarios/smoothoperator_792801/scenario_49656.yaml,41
docs/20200425 abc_example/slice3/scenarios/smoothoperator_792801/scenario_49703.yaml,44
